{
    "Inputs": {
        "input_118": {
            "name": "input",
            "shape": [
                1,
                3,
                640,
                640
            ],
            "format": "nchw",
            "dtype": "float16"
        }
    },
    "Outputs": {
        "attach_Sigmoid_Sigmoid_85/out0_0": {
            "name": "attach_Sigmoid_Sigmoid_85/out0",
            "shape": [
                1,
                6400,
                1
            ],
            "format": "nchw",
            "dtype": "float16"
        },
        "attach_Sigmoid_Sigmoid_93/out0_1": {
            "name": "attach_Sigmoid_Sigmoid_93/out0",
            "shape": [
                1,
                1600,
                1
            ],
            "format": "nchw",
            "dtype": "float16"
        },
        "attach_Sigmoid_Sigmoid_101/out0_2": {
            "name": "attach_Sigmoid_Sigmoid_101/out0",
            "shape": [
                1,
                400,
                1
            ],
            "format": "nchw",
            "dtype": "float16"
        },
        "attach_Sigmoid_Sigmoid_109/out0_3": {
            "name": "attach_Sigmoid_Sigmoid_109/out0",
            "shape": [
                1,
                6400,
                1
            ],
            "format": "nchw",
            "dtype": "float16"
        },
        "attach_Sigmoid_Sigmoid_117/out0_4": {
            "name": "attach_Sigmoid_Sigmoid_117/out0",
            "shape": [
                1,
                1600,
                1
            ],
            "format": "nchw",
            "dtype": "float16"
        },
        "attach_Sigmoid_Sigmoid_125/out0_5": {
            "name": "attach_Sigmoid_Sigmoid_125/out0",
            "shape": [
                1,
                400,
                1
            ],
            "format": "nchw",
            "dtype": "float16"
        },
        "attach_Reshape_Reshape_132/out0_6": {
            "name": "attach_Reshape_Reshape_132/out0",
            "shape": [
                1,
                6400,
                4
            ],
            "format": "nchw",
            "dtype": "float16"
        },
        "attach_Reshape_Reshape_139/out0_7": {
            "name": "attach_Reshape_Reshape_139/out0",
            "shape": [
                1,
                1600,
                4
            ],
            "format": "nchw",
            "dtype": "float16"
        },
        "attach_Reshape_Reshape_146/out0_8": {
            "name": "attach_Reshape_Reshape_146/out0",
            "shape": [
                1,
                400,
                4
            ],
            "format": "nchw",
            "dtype": "float16"
        },
        "attach_Reshape_Reshape_153/out0_9": {
            "name": "attach_Reshape_Reshape_153/out0",
            "shape": [
                1,
                6400,
                10
            ],
            "format": "nchw",
            "dtype": "float16"
        },
        "attach_Reshape_Reshape_160/out0_10": {
            "name": "attach_Reshape_Reshape_160/out0",
            "shape": [
                1,
                1600,
                10
            ],
            "format": "nchw",
            "dtype": "float16"
        },
        "attach_Reshape_Reshape_167/out0_11": {
            "name": "attach_Reshape_Reshape_167/out0",
            "shape": [
                1,
                400,
                10
            ],
            "format": "nchw",
            "dtype": "float16"
        }
    },
    "Recurrent_connections": {}
}