{
    "Inputs": {
        "input_118": {
            "name": "input",
            "shape": [
                1,
                3,
                640,
                640
            ],
            "format": "nchw",
            "quantizer": "asymmetric_affine",
            "quantize": {
                "qtype": "u8",
                "max_value": 255.0,
                "min_value": 0.0,
                "scale": 1.0,
                "zero_point": 0
            }
        }
    },
    "Outputs": {
        "attach_Sigmoid_Sigmoid_85/out0_0": {
            "name": "attach_Sigmoid_Sigmoid_85/out0",
            "shape": [
                1,
                6400,
                1
            ],
            "format": "nchw",
            "quantizer": "asymmetric_affine",
            "quantize": {
                "qtype": "u8",
                "max_value": 0.9048663973808289,
                "min_value": 0.0,
                "scale": 0.003548495704308152,
                "zero_point": 0
            }
        },
        "attach_Sigmoid_Sigmoid_93/out0_1": {
            "name": "attach_Sigmoid_Sigmoid_93/out0",
            "shape": [
                1,
                1600,
                1
            ],
            "format": "nchw",
            "quantizer": "asymmetric_affine",
            "quantize": {
                "qtype": "u8",
                "max_value": 0.7021660804748535,
                "min_value": 0.0,
                "scale": 0.002753592561930418,
                "zero_point": 0
            }
        },
        "attach_Sigmoid_Sigmoid_101/out0_2": {
            "name": "attach_Sigmoid_Sigmoid_101/out0",
            "shape": [
                1,
                400,
                1
            ],
            "format": "nchw",
            "quantizer": "asymmetric_affine",
            "quantize": {
                "qtype": "u8",
                "max_value": 0.7870218753814697,
                "min_value": 0.0,
                "scale": 0.003086360404267907,
                "zero_point": 0
            }
        },
        "attach_Sigmoid_Sigmoid_109/out0_3": {
            "name": "attach_Sigmoid_Sigmoid_109/out0",
            "shape": [
                1,
                6400,
                1
            ],
            "format": "nchw",
            "quantizer": "asymmetric_affine",
            "quantize": {
                "qtype": "u8",
                "max_value": 0.9975799322128296,
                "min_value": 0.0,
                "scale": 0.003912078216671944,
                "zero_point": 0
            }
        },
        "attach_Sigmoid_Sigmoid_117/out0_4": {
            "name": "attach_Sigmoid_Sigmoid_117/out0",
            "shape": [
                1,
                1600,
                1
            ],
            "format": "nchw",
            "quantizer": "asymmetric_affine",
            "quantize": {
                "qtype": "u8",
                "max_value": 0.7637577056884766,
                "min_value": 0.0,
                "scale": 0.0029951282776892185,
                "zero_point": 0
            }
        },
        "attach_Sigmoid_Sigmoid_125/out0_5": {
            "name": "attach_Sigmoid_Sigmoid_125/out0",
            "shape": [
                1,
                400,
                1
            ],
            "format": "nchw",
            "quantizer": "asymmetric_affine",
            "quantize": {
                "qtype": "u8",
                "max_value": 0.6067826151847839,
                "min_value": 0.0,
                "scale": 0.002379539655521512,
                "zero_point": 0
            }
        },
        "attach_Reshape_Reshape_132/out0_6": {
            "name": "attach_Reshape_Reshape_132/out0",
            "shape": [
                1,
                6400,
                4
            ],
            "format": "nchw",
            "quantizer": "asymmetric_affine",
            "quantize": {
                "qtype": "u8",
                "max_value": 2.635547161102295,
                "min_value": -1.4431140422821045,
                "scale": 0.01599474996328354,
                "zero_point": 90
            }
        },
        "attach_Reshape_Reshape_139/out0_7": {
            "name": "attach_Reshape_Reshape_139/out0",
            "shape": [
                1,
                1600,
                4
            ],
            "format": "nchw",
            "quantizer": "asymmetric_affine",
            "quantize": {
                "qtype": "u8",
                "max_value": 1.05961275100708,
                "min_value": -0.7373599410057068,
                "scale": 0.007046951912343502,
                "zero_point": 105
            }
        },
        "attach_Reshape_Reshape_146/out0_8": {
            "name": "attach_Reshape_Reshape_146/out0",
            "shape": [
                1,
                400,
                4
            ],
            "format": "nchw",
            "quantizer": "asymmetric_affine",
            "quantize": {
                "qtype": "u8",
                "max_value": 2.129714012145996,
                "min_value": -1.0082205533981323,
                "scale": 0.012305625714361668,
                "zero_point": 82
            }
        },
        "attach_Reshape_Reshape_153/out0_9": {
            "name": "attach_Reshape_Reshape_153/out0",
            "shape": [
                1,
                6400,
                10
            ],
            "format": "nchw",
            "quantizer": "asymmetric_affine",
            "quantize": {
                "qtype": "u8",
                "max_value": 4.814074516296387,
                "min_value": -2.9548909664154053,
                "scale": 0.030466530472040176,
                "zero_point": 97
            }
        },
        "attach_Reshape_Reshape_160/out0_10": {
            "name": "attach_Reshape_Reshape_160/out0",
            "shape": [
                1,
                1600,
                10
            ],
            "format": "nchw",
            "quantizer": "asymmetric_affine",
            "quantize": {
                "qtype": "u8",
                "max_value": 1.3518030643463135,
                "min_value": -0.09337086975574493,
                "scale": 0.005667348857969046,
                "zero_point": 16
            }
        },
        "attach_Reshape_Reshape_167/out0_11": {
            "name": "attach_Reshape_Reshape_167/out0",
            "shape": [
                1,
                400,
                10
            ],
            "format": "nchw",
            "quantizer": "asymmetric_affine",
            "quantize": {
                "qtype": "u8",
                "max_value": 4.782048225402832,
                "min_value": -2.6530308723449707,
                "scale": 0.02915717288851738,
                "zero_point": 91
            }
        }
    },
    "Recurrent_connections": {}
}