{
    "Inputs": {
        "data_91": {
            "name": "data",
            "shape": [
                1,
                3,
                112,
                112
            ],
            "format": "nchw",
            "dtype": "float16"
        }
    },
    "Outputs": {
        "attach_BatchNormalization_fc1/out0_0": {
            "name": "attach_BatchNormalization_fc1/out0",
            "shape": [
                1,
                128
            ],
            "format": "nchw",
            "dtype": "float16"
        }
    },
    "Recurrent_connections": {}
}